{
      "keyMetricsContentId" : "",
      "accountPlanId" : "",
      "keyMetricsId" : "",
      "keyMetricsJobId" : "",
      "accountProfile" : "APR-00244",
      "status" : "Complete",
      "accountName" :"TECHNIP",
      "customerId" :"CUST-0000102526",
      "salesTerritory" :"T2-France-7",
      "zipCode" :"92400",
      "industry" :"Construction",
      "noOfUnvirtualizedX86Servers" :"180",
      "noOfVMs" :"1700",
      "noOfVirtualHosts" :"120",
      "itSpendAmount" :"USD 187500000.00",
      "installedApplications" :"Database (SQL/Oracle), SAP",
      "noOfDesktops" :"3500",
      "noOfMobileDevices" :"--",
      "customerAddrSpendAmount" :"USD 0.00",
      "mainCriticalApplication" :"Oracle",
      "consolidationRatio" :"14.17",
      "virtualizationRatio" :"9",
      "emcStrategicRel" :"Yes",
      "sddcCompetitor" :"Oracle",
      "eucVirtualizationCompetitor" :"Citrix",
      "publicCloudCompetitor" :"Amazon Web Service, Microsoft Azure",
      "vcac" :"Potential",
      "vcloudSuiteEnt" :"No Opportunity",
      "accDevWorkshop" :"No",
      "tam" :"Potential",
      "pso" :"Potential",
      "accelerateAdvisoryServices" :"No Oppertunity",
      "siSo" :"Accenture, Capgemini, Other",
      "cxoRelationship" :"CTO",
      "mainHardwareX86" :"Cisco"
   }