{

    "2019": [

        {

            "opportunityId": "00634000018fQYRAA2",

            "opportunityNo": "11755794",

            "opportunityName": "ISRTW-Virtual Desktop",

            "description": null,

            "evpFlag": 0,

            "fiscalPeriod": "Q1-2019",

            "stageName": "03 - Validate",

            "opptyAmount": 12000,

            "productDetails": [

                {

                    "platformGroup": "DESKTOP",

                    "totalPriceUsd": 9600,

                    "fiscalPeriod": "Q1-2019",

                    "stageName": "03 - Validate",

                    "evpFlag": 0

                },

                {

                    "platformGroup": "OTHERS",

                    "totalPriceUsd": 800,

                    "fiscalPeriod": "Q1-2019",

                    "stageName": "03 - Validate",

                    "evpFlag": 0

                }

            ]

        }

    ],

    "2020": [],

    "2021": [],

    "2022": []

}
