{
  "data": {
    "csqTypes": [
      {
        "csqTypeId": null,
        "csqTypeLabel": "",
        "hasGraph": 1,
        "questions": [
          {
            "csqId": null,
            "question": "",
            "csqOptions": [
              {
                "csqOptionsId": 1,
                "csqOptionsLabel": "Low",
                "color": "RED",
                "selected": true
              },
              {
                "csqOptionsId": 2,
                "csqOptionsLabel": "Medium",
                "color": "ORANGE",
                "selected": false
              },
              {
                "csqOptionsId": 3,
                "csqOptionsLabel": "High",
                "color": "GREEN",
                "selected": false
              }
            ],
            "csaId": null,
            "selectedOptionId": 1,
            "rationale": "mock data",
            "accountPlanId": "49226d08-fe02-11e8-86e2-00505692ad81"
          },
          {
            "csqId": 2,
            "question": "How would the customer characterize their relationship with VMware?",
            "csqOptions": [
              {
                "csqOptionsId": 4,
                "csqOptionsLabel": "Just a Vendor",
                "color": "RED",
                "selected": false
              },
              {
                "csqOptionsId": 5,
                "csqOptionsLabel": "Key Vendor",
                "color": "ORANGE",
                "selected": false
              },
              {
                "csqOptionsId": 6,
                "csqOptionsLabel": "Strategic Partner",
                "color": "GREEN",
                "selected": false
              }
            ],
            "csaId": "10e3976a-367d-11e9-a66c-005056929217",
            "selectedOptionId": 3,
            "rationale": "mock data 2",
            "accountPlanId": "49226d08-fe02-11e8-86e2-00505692ad81"
          }
        ]
      },
      {
        "csqTypeId": 4,
        "csqTypeLabel": "Write in response",
        "hasGraph": 0,
        "questions": [
          {
            "csqId": 7,
            "question": "Any recent or upcoming events that have/will impact the customer experience?",
            "csqOptions": [],
            "csaId": null,
            "selectedOptionId": 0,
            "rationale": null,
            "accountPlanId": null
          },
          {
            "csqId": 8,
            "question": "What are the top 3 things we can do to improve the customer experience?",
            "csqOptions": [],
            "csaId": null,
            "selectedOptionId": 0,
            "rationale": null,
            "accountPlanId": null
          },
          {
            "csqId": 9,
            "question": "Recent Customer Feeback",
            "csqOptions": [],
            "csaId": null,
            "selectedOptionId": 0,
            "rationale": null,
            "accountPlanId": null
          }
        ]
      }
    ]
  }
}
