{
    "missionCriticalSystems": [],
    "itSystems": [],
    "footPrintAndWhiteSpace": {"items":[],"status":[]},
    "vmwareContracts": {
        "customContacts": [],
        "vmstarContracts":[],
        "products": [],
        "status":[],
        "inputs":{}
    },
    "previousBooking":{
        "rowData": {},
        "years": {},
        "service": {
            "SDDC": 0,
            "EUC": 0,
            "SERVICES": 0,
            "CPS": 0
        }
    },
    "keyCompetitor" : [],
    "keyCompetitorName" : [],
    "kcaPostData" : {
        "kcaId": null,
        "competitorId": null,
        "severityId": null,
        "customerRelationship": "",
        "elaId": null,
        "expiryDate": "",
        "dataCenterSolution": [],
        "hybridCloudSolution": [],
        "securitySolution": [],
        "digitalWorkspaceSolution": [],
        "strengthOrWeakness": "",
        "opportunityOrThreat": "",
        "accountPlanId": ""
    }
}