{
    "goals": [],
    "issues": [],
    "keyDetails": {
        "industryId": "",
        "employeeRangeId": "",
        "netSales": "",
        "overseasSales": "",
        "operationalIncome": ""
    },
    "visionStrategy": {
        "vision": "",
        "corporateStrategy": "",
        "highlightEvent": ""
    },
    "businessPortfolio": [],
    "segmentGrowth": [],
    "keyFinencials": [],
    "Industry": [],
    "Employees": [],
    "org": {
        "id": null
    },
    "orgStructure": {
        "name": "",
        "position": "",
        "status": "",
        "statusId": null,
        "parentId": null,
        "id": null,
        "index": null,
        "children": []
    },
    "orgStatus": []
}