{
    "threeYearAmbition": [],
    "goalPlan": [],
    "accountTeamGoalId": "",
    "KeyOpportunities": {
        "quarters": [],
        "stage": [],
        "products": [],
        "opportunitiesGraph": [],
        "opportunitiesDetails": [],
        "filterDetails": {
            "labelsQuarter": [],
            "labelsStage": [],
            "labelsProduct": [],
            "dropdownQuarter": {},
            "dropdownStage": {},
            "dropdownProduct": {},
            "evp": ""
        },
        "filterValues": {},
        "maxRange": "",
        "searchInput": ""
    },
    "roadmap": {
        "moreDesc": [
            ""
        ],
        "BIdropdown": [],
        "roadmap": {
            "initiativeList": [
                {
                    "businessInitiativeId": null,
                    "businessInitiativeName": "",
                    "workstreamList": [
                        {
                            "workstreamId": null,
                            "description": "",
                            "startDate": "",
                            "endDate": ""
                        }
                    ]
                }
            ]
        }
    },
    "workstreamDetails": {
        "businessInitiativeId": null,
        "businessInitiativeName": "",
        "workstreamList": [
            {
                "workstreamId": null,
                "description": "",
                "startDate": null,
                "endDate": null
            }
        ],
        "maxRange":"",
        "searchInput":""
    },
    "valuePrompterPost" : {
        "vpId": null,
        "vpUrl": null,
        "encodedImage": null,
        "accountPlanId": null
    }
}