{
  "data": {
    "portfolioQuestions": [
      {
        "apqId": 1,
        "question": " What does the inventory of your applications look like (ie key segments, how many applications, key applications, legacy and difficult to replatform)?",
        "portfolioResponses": [
          {
            "aprId": "4c49eae5-34f7-11e9-a66c-005056929217",
            "customerResponse": "",
            "apqId": 1,
            "accountPlanId": "49226d08-fe02-11e8-86e2-00505692ad81"
          },
          {
            "aprId": "56ed59a3-34f7-11e9-a66c-005056929217",
            "customerResponse": "test response 2",
            "apqId": 1,
            "accountPlanId": "49226d08-fe02-11e8-86e2-00505692ad81"
          }
        ],
        "portfolioOwners": [
          {
            "aboId": "652f1f73-34f2-11e9-a66c-005056929217",
            "ownerName": "sumit",
            "jobRole": "app dev",
            "apqId": 1,
            "accountPlanId": "49226d08-fe02-11e8-86e2-00505692ad81"
          },
          {
            "aboId": "71f3767d-34f2-11e9-a66c-005056929217",
            "ownerName": "dk",
            "jobRole": "app dev",
            "apqId": 1,
            "accountPlanId": "49226d08-fe02-11e8-86e2-00505692ad81"
          }
        ],
        "implications": [
          {
            "implicationId": "d46a57f1-34f4-11e9-a66c-005056929217",
            "implication": "i1",
            "apqId": 1,
            "accountPlanId": "49226d08-fe02-11e8-86e2-00505692ad81"
          },
          {
            "implicationId": "de15ff64-34f4-11e9-a66c-005056929217",
            "implication": "i2",
            "apqId": 1,
            "accountPlanId": "49226d08-fe02-11e8-86e2-00505692ad81"
          }
        ]
      },
      {
        "apqId": 2,
        "question": "What is your strategy where to run your applications in the future: which applications to run on private cloud, public cloud, hybrid; which applications will be cloud native; which ones SaaS?",
        "portfolioResponses": [],
        "portfolioOwners": [],
        "implications": []
      },
      {
        "apqId": 3,
        "question": "ERP - Are you upgrading?  If yes, staying on premise or thinking about cloud? ",
        "portfolioResponses": [],
        "portfolioOwners": [],
        "implications": []
      },
      {
        "apqId": 4,
        "question": "For applications that are candidates for public cloud, what key aspects are you considering for your infra decision?",
        "portfolioResponses": [],
        "portfolioOwners": [],
        "implications": []
      },
      {
        "apqId": 5,
        "question": "Which applications are you developing yourself – and on what platforms? Do you have a cloud-native and PaaS strategy?",
        "portfolioResponses": [],
        "portfolioOwners": [],
        "implications": []
      },
      {
        "apqId": 6,
        "question": "If you develop cloud native applications / use PaaS, please describe the current or target Dev/Ops process",
        "portfolioResponses": [],
        "portfolioOwners": [],
        "implications": []
      },
      {
        "apqId": 7,
        "question": "What is your strategy on microservices and containers?",
        "portfolioResponses": [],
        "portfolioOwners": [],
        "implications": []
      }
    ]
  }
}
