{
    "data": [
        {
            "customerStrategyId": "06bc74ad-f20c-46e1-96aa-5e2c0d3907fc",
            "solutionId": "catfight",
            "solutionName": "Cat fight",
            "otherText": "Nope",
            "maturityLevelId": "Level",
            "maturityLevelLabel": "Medium",
            "customerStrategy": "Contrary to popular belief, Lorem Ipsum is not simply random text. It has roots in a piece of classical Latin literature from 45 BC, making it Suspendisse dapibus diam dui, eget lacina ante tristique ut.",
            "vmwarePriorities": "It is a long established fact that a reader will be distracted by the readable content of a page when looking at its layout. The point of using"
        },
        {
            "customerStrategyId": "06bc74ad-f20c-46e1-96aa-5e2c0d3907fc",
            "solutionId": "DummyId",
            "solutionName": "Transform Security",
            "otherText": "Some text",
            "maturityLevelId": "Dummy Id",
            "maturityLevelLabel": "High",
            "customerStrategy": "Suspendisse dapibus diam dui, eget lacina ante tristique ut.",
            "vmwarePriorities": "Curabitur volutput diu et Suspendisse dapibus diam dui, eget lacina ante tristique ut"
        }
    ]
}