{

    "data": [

        {

            "id": "06bc74ad-f20c-46e1-96aa-5e2c0d3907fc",

            "name": "Modernize Datacenters",

            "info": "Some text"

        },

                             {

            "id": "06bc74ad-f20c-46e1-96aa-5e2c0d3907fc",

            "name": "Modernize 2",

            "info": "Some text"

        },

        {

            "id": "06bc74ad-f20c-46e1-96aa-5e2c0d3907fc",

            "name": "Modernize Datacenters 3",

            "info": "Some text"

        },

        {

            "id": "06bc74ad-f20c-46e1-96aa-5e2c0d3907fc",

            "name": "Modernize Datacenters 4",

            "info": "Some text"

        },

        {

            "id": "06bc74ad-f20c-46e1-96aa-5e2c0d3907fc",

            "name": "Other",

            "info": null

        }

              ]

}