{
    "data": {
        "parentId": null,
        "name": "Benjamin Lorenco",
        "position": "Sr. Director",
        "id": "1",
        "status": "Advocate",
        "statusId": "",
        "index": -1,
        "children": [
            {
                "parentId": "1",
                "name": "Jithin George",
                "position": "Sr. Architect",
                "status": "Advocate",
                "id": 2,
                "index": "0",
                "children": [
                    {
                        "parentId": "2",
                        "name": "Mridula Desai",
                        "position": "Designer",
                        "status": "Advocate",
                        "index": "0,0",
                        "id": "3",
                        "children": []
                    },
                    {
                        "parentId": "2",
                        "name": "Chandro",
                        "id": "4",
                        "position": "Illustrator",
                        "status": "Advocate",
                        "index": "0,1",
                        "children": []
                    }
                ]
            },
            {
                "parentId": "1",
                "name": "Aminul Khan",
                "position": "Lead",
                "id": "5",
                "status": "Advocate",
                "index": "1",
                "children": [
                    {
                        "parentId": "5",
                        "name": "Amogh Angadi",
                        "position": "Sr. Engineer",
                        "status": "Advocate",
                        "id": "6",
                        "index": "1,0",
                        "children": []
                    },
                    {
                        "parentId": "5",
                        "name": "Bhagya",
                        "position": "Sr. Engineer",
                        "status": "Advocate",
                        "id": "7",
                        "index": "1,1",
                        "children": []
                    },
                    {
                        "parentId": "5",
                        "name": "Madhur Parashar",
                        "position": "Engineer",
                        "status": "Advocate",
                        "id": "8",
                        "index": "1,2",
                        "children": []
                    }
                ]
            }
        ]
    }
}