{
    "data": {
        "quarterList" : [
            {
                "quarterName": "Q1-2020",
                "fiscalYear": 2020,
                "currentQuarter": true,
                "roadmapQuarter": "Q",
                "quarterStartDate": "2019-02-02",
                "quarterEndDate": "2019-05-03"
            },
            {
                "quarterName": "Q2-2020",
                "fiscalYear": 2020,
                "currentQuarter": false,
                "roadmapQuarter": "Q+1",
                "quarterStartDate": "2019-05-04",
                "quarterEndDate": "2019-08-02"
            },
            {
                "quarterName": "Q3-2020",
                "fiscalYear": 2020,
                "currentQuarter": false,
                "roadmapQuarter": "Q+2",
                "quarterStartDate": "2019-08-03",
                "quarterEndDate": "2019-10-02"
            },
            {
                "quarterName": "Q4-2020",
                "fiscalYear": 2020,
                "currentQuarter": false,
                "roadmapQuarter": "Q+3",
                "quarterStartDate": "2019-05-04",
                "quarterEndDate": "2019-08-02"
            },
            {
                "quarterName": "Q1-2021",
                "fiscalYear": 2021,
                "currentQuarter": false,
                "roadmapQuarter": "Q+4",
                "quarterStartDate": "2019-05-04",
                "quarterEndDate": "2019-08-02"
            },
            {
                "quarterName": "Q2-2021",
                "fiscalYear": 2021,
                "currentQuarter": false,
                "roadmapQuarter": "Q+5",
                "quarterStartDate": "2019-05-04",
                "quarterEndDate": "2019-08-02"
            },
            {
                "quarterName": "Q3-2021",
                "fiscalYear": 2021,
                "currentQuarter": false,
                "roadmapQuarter": "Q+6",
                "quarterStartDate": "2019-05-04",
                "quarterEndDate": "2019-08-02"
            },
            {
                "quarterName": "Q4-2021",
                "fiscalYear": 2021,
                "currentQuarter": false,
                "roadmapQuarter": "Q+6",
                "quarterStartDate": "2019-05-04",
                "quarterEndDate": "2019-08-02"
            },
            {
                "quarterName": "Q1-2022",
                "fiscalYear": 2022,
                "currentQuarter": false,
                "roadmapQuarter": "Q+7",
                "quarterStartDate": "2019-05-04",
                "quarterEndDate": "2019-08-02"
            },
            {
                "quarterName": "Q2-2022",
                "fiscalYear": 2022,
                "currentQuarter": false,
                "roadmapQuarter": ">2 years",
                "quarterStartDate": "2019-05-04",
                "quarterEndDate": "2019-08-02"
            }
        ],
        "initiativeList": [
            {
                "businessInitiativeId":"1",
                "businessInitiativeName":"Modernise Data Centre",
                "workstreamList": [
                    {
                        "workstreamId":"1",
                        "description":"Dummy Description",
                        "startDate":"2019-05-04",
                        "endDate":"2019-08-02",
                        "startQuarter":"Q+1",
                        "endQuarter":"Q+2"
                    },
                    {
                        "workstreamId":"2",
                        "description":"Dummy Description",
                        "startDate":"2019-05-04",
                        "endDate":"2019-08-02",
                        "startQuarter":"Q+1",
                        "endQuarter":"Q+2"
                    }
                ]
            },
            {
                "businessInitiativeId":"2",
                "businessInitiativeName":"Integrate Public Cloud",
                "workstreamList": [
                    {
                        "workstreamId":"1",
                        "description":"Dummy Description",
                        "startDate":"2019-05-04",
                        "endDate":"2019-08-02",
                        "startQuarter":"Q",
                        "endQuarter":"Q+2"
                    }
                ]
            },
            {
                "businessInitiativeId":"3",
                "businessInitiativeName":"Empower Digital Workplace",
                "workstreamList": [
                    {
                        "workstreamId":"5",
                        "description":"Dummy Description",
                        "startDate":"2019-05-04",
                        "endDate":"2019-08-02",
                        "startQuarter":"Q+1",
                        "endQuarter":"Q+5"
                    }
                ]
            },
            {
                "businessInitiativeId":"4",
                "businessInitiativeName":"Transform Security",
                "workstreamList": []
            }
        ]
    }
}